score,text
1,"메시지는 차치하고 감각적으로(시각, 청각) 황홀했다. 영화는 가능하고, 소설은 불가능한 것. 영화는 도달할 수 있고, 소설은 도달할 수 없는 것. 영화는 체험시킬 수 있고, 소설은 체험시킬 수 없는 것. 더 확장하면..."
1,"개봉일을 기다려, 모처럼 팔순의 친정어머니와 롯데 시네마에서 보았어요. 잔잔한 시냇물이 흐르는 계곡에 미나리 밭을 일구는 우리들의 어머니 또는 할머니의 강인한 생존력이란! 대지의 후손들이라면 누구나 배꼽 아래 단전으..."
1,하....  이것이 제 심사평입니다. 이런 게 바로 영화 아니겠습니다. 오늘 하루 하.. 할듯..
1,평양냉면 같은 영화. 막상 기대했다가 보면 이게뭐야? 할지도 모르지만 극장을 나선 뒤에도 잔잔하게 울림을 주는 영화
1,"이 영화자체가 미나리같다. 그리고 이 영화에 나오는 인물들도 미나리같다. 특별하고 화려하진 않지만 강인하고  자꾸 머릿속에 이 가족의 현재와 미래가 궁금해지고 응원하게 된다.그들의 모습속에서 가장으로써의 모습, 어머..."
1,"부모님의 높아지는 언성에 숨어서 마음 졸였던 아이, 축축한 이불에 몰래 흔적을 지웠던 아침, 그저 풀 위를 달리고 싶었던 순수했던 마음, 그리고 그 때는 보이지 않았던 아버지의 삶의 무게까지. 잔잔하지만 재치있고, ..."
0,실망이 컸던 영화. 명성에 못 미침
0,재미없음니다  정말로요
0,모르겠네요..영화가 끝나고나서 고개만 기웃..이게뭐지?그닥 큰내용도 없고  영상미도 없고  ..여튼 전별로였네요
1,너무나도 평범해서 아름답다
0,솔직히 크게 연기력을 극찬할만한 영화는 아닌듯 그정도로 연기할만한 배우도 여러명 생각날 정도로 크게 감동할만한 연기력은 아니었음 스토리도 잔잔한건 각오하고 봤지만 딱히 감동으로 다가온것도 없었고..막내 데이빗은 참 ...
0,이게.. 감동이라는..?도데체 왜?
0,기대에  다소  미치지 못함이 있었던듯 하다어   ~   이케 끝났어  하는 느낌 뭐지
0,작품의 만족도가 많이 부족하다
0,너무 기대하고 어머니랑 영화를 보러 가서인지사실실망이 좀 컸습니다.. 외국에서 상을 받을 정도인가 라는 생각을 하게되더라구요. 내용구성이나 배우들 연기면에서 너무 아쉬웠습니다. 작품 연출이 너무 아쉽네요.. 휼륭하신...
0,장난하나. 나만 당할 수 없지 다들 보새오!
1,데이비사  (영화 넘 여운있고 먹먹하네요. 영화보며 이런 감정은 처음입니다)
1,흐르는 강물 영화가 생각나는 잔잔함과 가족애로 감동을 주는 영화였습니다.  ‘할머니가 자리를 잘 잡으셨네’ 엔딩의 대사는 여운이 남습니다.  미나리가 연약해 보이지만 바람결에 흔들리면서 보이는 장면은 한국 정서가 함...
0,기대가 높았나보다. 연출 스토리 모두 기대이하다.
0,과대평가된 영화.연기도 스토리도 그닥
1,To all grandmas 엔딩 크레딧이 올라올때 흑 들어오는 감동이 있습니다. 정이삭 감독 자전적인 이야기라 리얼리티가 살아있는데다 윤여정 배우의 넋이 나간 연기가 너무 좋았습니다
1,"질긴 생명력과 적응력으로 어디서든 잘 자라는 미나리처럼,우리도 그렇게.  원더풀 원더풀 미나리."
1,"신파로 빠질 수도 있는 내용을 담백하게 그려낸 연출, 배우들의 빼어난 연기. 1년 만에 극장 나들이 한 보람이 있었다."
1,"표면적 주제인 이민을 떠나서, 인생을 살아본 사람이라면 격하게 감정이 몰입되어 펑펑 울게될 것이다. 남자의 내면과 여자의 내면과 할머니의 내면과 손자손녀의 내면이 각자 정당성을 가지고 어떻게 갈등국면을 돌파하는지를 ..."
0,ㅎ....뭐지 도대체 내가 뭘 본걸까요
0,노감동노재미 입니다  ㅠㅠ
1,가장 개인적인 이야기를 꽤 보편적인 형식에 담은 영화인 것 같다.
0,모든 가족의 스토리를 다 이야기하려니산만하고 감정선 처리가 너무 약함마지막 결말은 싱거워서 뭐냐 이런 드립이 저절로 나옴
1,잔잔하게 덤덤한 표정과 감정섞인 눈빛으로 이야기를 들어주는 사람 같다별거 안했는데 앞에 있는 날 울려버린다그렇다고 집가는 버스에서 운건 아니지만음 안 운 것도 아니다아빠 그리고 엄마 우리 가족 그리고 나 모두가 떠올...
0,기대를 너무 했나 봅니다. 솔직히 실망하고 나왔어요.
0,생각보단  전체적으로 허술한점이 많네요연기도 와닫지 않고요 서양사람한테는 감동이있었나보네요  그정도의 연기는 우리나라 조연급들이 누구나 할수있을것같네요
1,잔잔하고 감동스러웠습니다. 방학때면 외갓집에 갔었던 행복한 기억과 지금은 많이 편찮으신 외할머니가 동시에 떠올라 그립고도 눈물이 났습니다.
0,그냥 그래요 열자이상 뭘 쓸지도 모르겠음
1,"인생이란 그런 거지 잘 될 줄 알았던 일이 꼬이고,안 될 줄 알았던 일이 풀리고.그 과정을 함께해 준 이들이 있어내 인생을 폐기하지 않을 수 있었던 거겠지"
0,"하,,삼겹살에 미나리 구워먹는게 더 재밌겠네"
1,담백한 연출이 좋았어요
0,글쎄.... 영화가 무슨 말을 하고자 하는지는 알겠으나.. 스토리에 비해 러닝 타임이 너무 길고 늘어지는데에 비해 마무리는 급하게 끝내는 느낌.. 이게 왜 높은 평가를 받는지 이해하기 힘들다
0,난세상에 태어나 진짜 재미없는 영화를 보았다. 패주고싶다 미나리 극찬한 광고성 메스컴들에게..
0,나만 별로였나...??
0,너무 지루함 .... 잠올정ㄷㅗ로
0,"기대했으나 영상미,bgm,연기,스토리,감동,재미 어느것 하나 눈에 띄는 부분이 없었다. 대체 왜 평점이 높은거지- 이야기의 맥락을 모르겠고 ㅠㅠ 이영화 뭘 말하고 싶은거지?"
0,..내용이 그냥 당황스러워요
0,생각보다 아쉽습니다ㅠㅠ
0,지루하다 지루해.. 그래서 결론이 뭐임
0,무슨 영화인지 감동도 재미도 ..ㅜㅜ
1,서사가 극적이지 않아서 어디서 어떻게 반응해야 하는지 감을 못잡는 분들도 계실 것 같습니다. 하지만 저는 있는 그대로 보여주었기 때문에 느낄 수 있던 잔잔한 감동과 여운이 있었습니다. 가족이기 때문에 쉽게 서로에게 ...
0,미국 이민자들에게 큰 감동을 줄만하지만 그외의 관객에게는 그저 잔잔한 서정적인 영상에 불과할 듯
0,그냥그냥... 그냥...
0,할말이없음 내용이없기때문에
0,뭐가 좋은지 알 수 없는 영화
1,가족의 힘이 이토록 대단한것이었다는걸 느끼게 해주는 영화 였다
1,극적반전은 없지만 짜임새 있는 스토리와 잔잔한 감동이 있네요 오랜만에 좋은영화 봤네요
0,"매씬이 아슬아슬. 어색함에 조마조마. 모국어와 자막, 히어링과 리딩 사이. 평가도 감동도 이토록 왜곡된다. 소신 별점을 방해하는 수상이력의 압박까지. 내가 본 윤여정의 가장 어색한 연기."
0,무슨 내용인지 모르겠어요 .. 의미 감동 다 없음
0,진짜 뭘얘기하고싶은거며 방구석 평론가들때문에 너무 고평가된 영화
0,연기력? 특출난거 없는 흔한 연기력...감동? 흔한 3류 영화나 드라마에도 나오는 밍밍한 감동포인트...무엇보다도 심각한건 갑작스런 결말...
1,"미국은 애초에 태생적으로 “이민자”의 나라다.. 아메리칸 드림을 이뤄내고자 하는 다양한 인종의 사람들이, 저마다의 사연을 가지고, 그들의 장점들을 최대한 되살려 직업에 종사했고, 결과적으로 세계 최강국의 원동력의 중..."
1,"아무데서나 잘 자라는 미나리, 우리는 그럼에도 구태여 삶의 뿌리를 내리려고 노력한다."
0,머때문에 이영화가 상받았는지 이해가안감!영화사곧 망하겟네.ㅋ
0,평점 실화임...?영화가 뭘 말하고자 하는건지 모르겠네요.
0,전형적인.일벌려놓는 옛날 우리네 아빠들 이야기같아서 속이답답했네요 참다보면 좋은날이온다는게 팩트일까요
0,노잼 . 직설적으로말하자면 오스카국뽕끼가 많다 .
0,하나 같이 연기자들 연기가 붕뜬 어색한...   저마다의 따로 국밥식 연기에 1점
0,걍심심풀이용 재미없음
0,생각보다 많이 별로였어요.  결말도 그렇고 마치 10부작 드라마중 1부만 본것같은 느낌.
0,영화에 재미를 빼면 그게 무슨 영화임? 고문이지ㅋㅋ
0,다 알바인 거 같다...
1,스티븐연 한국어 진짜 연습 했나보다ㅋㅋㅋㅋ 한국어 발음이 안어색해
1,궁금해서 개봉하자 마자 봤습니다.  자연은아름답고 넓지만 미국이민 시골생활 많이 힘들었겠어요
1,다 잃고도 다시 시작하는 모든사람들에게 응원의 박수를 보내고싶은 뭉클한 이야기
0,서양인들은 이걸 보면서 어떤 감동을 느낀 걸까요 미나리 즐겨먹는 김치맨은 이 영화의 가치를 전혀 모르겠네요
0,데치기만 한 아무 양념도 없는 미나리 나물. 어떤 감동도 느껴지지 않았다.
0,미나리 수상 이유.코x나로 개봉 영화가 없어서.
0,갸웃뚱? 잘 모르겠어요.마지막 앤딩장면...기대에 부응하지 못한 영화...
0,"가장 큰 문제는 스티븐 연이 연기를 잘 못한다.,,이다."
0,2021.03.07 (일) 2시간이 사라졌다
0,기대에 많이 못미치는...감동이 없어 아쉬운 영화입니다
0,무얼 연출하고싶은지 몰르겟어요결말도 어이없고..
0,이게 왜 상을 받은건지 모르겠다. 2배속으로 보고 싶어질 정도로 한장면 한장면이 늘어지는게... 지루하다는 느낌
0,...이게뭘까....되게 어색한 다큐를 보는데 별 내용도 없더라..
0,가슴에 손을 얹고 말해보자...이게 재미있냐?ㅋㅋㅋ 외국에서 상 하나 던져주니 아주 대단한 작품인 것처럼 생각하고 빨아대는 모습이 왤케 웃기냐
0,다들 좋은 평을 내고 있는 마당에...감독과 제작진 거의 모두 한국인이 아닌데 너무 많은 매스컴에서 마치 자랑스런 한국인이 만든 한국영화인냥 은근슬쩍 작품국적을 둔갑시키고 있다는 생각을 했다. 전형적인 동양여성의 외...
0,"기대를 너무 많이하고 봐서 그런지 아쉬웠어요. 초반 설정 빼고는 뒤로 갈수록 너무 지루하고 감독의 메세지도 전 잘 모르겠어요 ㅠㅠ 한예리씨 팬인데도 불구하고, 연기도 아쉬웠고 윤여정님은 가지고 있는 매력을 1도 못보..."
1,모두들 연기가 넘 좋았습니다.
0,개노잼 수면제 영화윤여정 연기는 잘하는데 무슨 상을 휩쓸만한 그정도는 아닌듯
0,솔직히 재미도없고 감동도없고...왜 상탓는지 의문이들정도...
1,한국영화 특유의 억지스러운 신파없이 아주 절제된 감정으로 너무나 잘 풀어낸 영화. 여운이 정말 진하게 남는다. 마지막 할머니의 '실수'가 가족에게 '구원'이 되었다는 것이 정말 아이러니하...
0,평점보고 속아서 봤는데 정말 실망했네요 감동포인트도 없고 결말도 이상하고 중간중간 똥개그 없었으면 무표정으로 끝까지 봤을듯하네요
0,전 너무너무 공감이 안됐어요
0,지루하고별로네용....노재무
0,아무것도 모르고 영화순위높은것만 보고 봤는데 뭐가 더 나올줄알고 엄청 집중해서 봤는데 그냥 그대로 끝났네요..딱 끝나면 뭐지?싶어요...연출이랑 몰입감은 좋았고 현실적이였어요 하지만 저한테는 좀 지루했어요..
0,이 영화가 개봉되기를 기다려왔다. 보고싶었고 궁금했다. 그리고 오늘 영화를 보았다. 기대를 떠나서 최소한의 영화적 감동선이 있어야 하는데 보는 내내 고개를 갸우뚱할 수밖에 없었다. 스토리도 영상미도 없었다. 그랬다는...
0,재미 진짜 없음 이 여섯 글자도 아까움
0,무엇을 말하려는건지 그냥 평범할 남의 일상을 돈내고 보는 낭비
0,한줄평 첨 써봅니다. 휴
1,내밀하고 진솔한 경험이 우리 삶의 놀라운 찬가가 되다.
0,미나리는 미국영화이고 미국인 브래드 피트가 제작자이고 미국인이 감독인 영화다. 그 영화에 한국인 여배우가 등장을 했다. 한국인이 제작자였고 한국인이 감독이고 제작비가 20억이었다면? 작년에 심은경은 아카데미에서 주연...
0,보는 내내 짜증난건 나만 그런가...
1,자극적이지 않고 담담해서 더 가슴을 후벼파는 영화... 주변 어딘가에서 한번쯤 들어봤을 법한 이야기라 더 그렇다
0,진짜 영화가 너무 평범하다 못해... 아.. 연기력은 그냥 너무도 평범했다. 솔직히 왜 상을 받을만했는지 전혀 이해를 못하겠음. 감동도 재미도 전혀 없는 그런 영화.
0,여러가지 상을 휩쓸어 호기심과 기대감으로 모처럼의 영화관 나들이를 했는데 결론 부터 말씀드리면 대실망~ 허탈합니다. 스토리 진부하고 배우들의 연기는 그저 평범 그이상 이하도 아님! 감동이나 메세지도 전혀 없는 딱 삼...
0,영상미 음악은 좋으나일단 영화라는 건 재미 있어야 되지 않나 싶다돈 아깝다
0,쌉노잼이였어요 돈아까워라
0,솔직히 돈아까움
0,평점이 왜 높은지 이해가 안되네요..보는내내 지루하고 윤여정의 연기는 그닥 잘 하는지 모르겠더군요.솔직한 객관적 생각입니다..
0,드라마 시티 아칸소판... 코로나로 영화가 없으니..
0,저 지금 봤는데요이거 무슨 ㅡㅡ 내용이 없는데요??? 주말 두명에 거의 4만원 돈 내고 봤는데아 진짜 장난하나ㅋㅋ영화광 저희 엄마가3처넌 짜리 독립영화 수준이라며ㅋㅋ뭐 다 느끼는 바가 다르겠지만정말 돈아깝네요 ㅋ...
0,이게 솔직히 재밌냐? 시간아까움
0,갑자기 싸운다고? 갑자기 병 걸린다고? 갑자기 낫는다고? 갑자기 불난다고? 이렇게 끝난다고??? 미나리는 갑자기 왜나온건지 어디서나 잘자라는것 만 가지고 억지로 같다붙인.. 배우가 아깝
0,돈 아깝다. 솔직하게들 후기 적어주세요. ㅠ ㅜ 국뽕에 취해서 뭐 있는듯이 하고들 있지만 솔직히 돈 아깝짆아요. ㅠ 실망스럽잖아요... ㅠ ㅜ
1,담담하고 담백하고 담대하다
0,50대여자친구셋이함께봤다.다들화가많이나서헤어졌다..너무지루하고졸려서힘들어했다.ㅠㅠ
0,진짜 ㅈ노잼인데 댓글알바가 양심챙겨
1,데이뷧 너무 커여워 ㅋㅋㅋㅋ퓌퓌~
0,잔잔하긴 하더라...근데 경의적인 모우먼트는 없더라.글쎄..
1,"어느 곳이든지 뿌리 내리고 잘 자라는 미나리와 같은 우리들의 삶을 그린 영화. 사실적이어서 아프기도하지만 또 사실적이어서 따뜻하다. 코로나로 삶이 많이 변화 한 오늘도 우리 모두 적응하고 살아가는 것처럼, 그럼에도 ..."
1,최고의 수혜자는 브레드 핏 ! 감독은 소설같은 전개를 영상으로 잘 펼쳤고 문학적 베이스가 매우 탄탄하다고 누껴졌움
1,친정엄마가 생각나고이민자들의고단한 삶이가슴이 먹먹합니다
0,평점 10점씩 준 놈들 유튜브 광고 5초도 제대로 못참을 놈들이 태반일 텐데 지적허영심에 걸려서 이딴 재미도 없는 영화 잔잔하다느니 뭐니 빨아주는 거 보면 개극혐 ㅋㅋ 보다가 너무 지루해서 휴대폰으로 계속 몇 분 지...
0,기대이하 어처구니없는 전개 머지? 소문난잔치에 먹을게없다 연기력도 그렇고 어이없는 끝맺음잔뜩기대하게 해놓고 ???  기대하고본다면 진짜 실망할것
0,북미에서 외래종 식물인 미나리를 저렇게 무개념하게 심어서야...한류(미나리)를 심어서 미국 토종을 작살내고 번성하자는 모티브인가
0,간만에 꿀잠 잤다 이딴것 만들지마라
0,"이렇게 내용도 없고, 잼없는 영화 첨 봄."
0,별루내요 근대 머때메 날리난것만냥 온방송 마다 나오는지 대통령 연설보다 방송5체널에서 방영을 해대내요 그정도는 아닌가요 돌리는체널 마다 미나리 미나리 미나리 미나리 미나리먹고 미첫나요 외들그러는거에요 낮에 체널 돌리...
0,영화 전부 엉망진창 이다
0,아니 이게 대체 뭔 내용이여엑소시스트임 미나리 캐는 내용임
0,미나리에 삼겹살이 더 맛있습니다
0,감동 흥미 다 내 관점에선 아니다...보고나니 낚였다는 기분밖에 안든다...
0,봉준호 감독이 보편적이고 아름답다라고 말한걸 자랑스럽게 예고편에 영상에 넣었는데 ;;; 보편적이다는게 결국은 흔하다는거 아님?
0,내 잃어버린 115분은 어디에?
0,와 무슨 아카데미상 수상했다길래 네이버시리즈온으로 결제해서 봤는데 노잼도 이런 노잼이 없다 절대 돈주고 보지마세요 무료로 풀리면 보세요
0,"아니, 대체 이게 뭐야...."
0,꿀잠용 영화. 평점만 높게 나오는 재미없는 자칭 평론가들 그들만의 리그
0,같은 미국인이 만든 미나리는 고용창출도 안 되는 데 호평일색이고 고용창출 쿠팡은 왜 욕을 먹지? 한국인의 이중성이란 참
0,"개연성과 주제의식이 없음보편적인 이민1세대의 삶을 그렸다기엔 가족의 특수성이 도드라지고, 한 편의 이야기라고 하기엔 개연성이 없음우연에 기반한 진행이 스토리의 주요한 부분을 차지함"
0,밋밋하고 잼없어요..산만하게 끝까지 본내가 자랑스럽네요 10점만점에 0점..
0,노잼 대학졸업작품걑은느낌
0,평식이형 평론했음 1~2개였을건데 이상황에 글캐하면 욕먹을거 알고 평론안했네 ㅋㅋ
0,개 쓰렉영화 절대 보지 말아라~돈과 시간이 아깝다..소문난 잔치에 먹을게 없다.난 왜 여우조연상 줬는지도 이해가 불가하다.
1,서로 엉겨붙고서라도 꿋꿋이 자라는 미나리들
1,남들은 공감대가 잘 형성될지 모르겠지만 저한테는 도입부에 트럭과 헤치백카로 이사가는 장면부터 울컥했네요.. 영화 스토리가 너무 저와 제 와이프 이야기를 하는것 같았고.. 아이와 장모님은 없었지만 그외적인 이야기들이 ...
0,잘모르겠다 미국정서에 어울리는 듯
0,미나리 나물 광고 영화였음.그냥 뻔한 스토리를 제작비 들어  왜 만들었는지 이해안감.  스토리도 너무 어설픔.  실습생이 만든 연습용 작품큰 실망함.   연습용 영화는 무료로 해주었으면 좋겠음. 댓글 평점 알바 속지...
0,"엄복동보다 더 재미없는 영화이딴영화가 1위하고있는것도 웃기고 ㅋㅋㅋ마지막결말 열린결말?말 그대로 미나리맛있겠더라 엄복동보다 못한영화였다,."
0,히틀러의 만행에 침묵으로 동조한 독일국민들은 자신들의 과오에 대해 철저하게 반성하고 있다. 영화평론가는 자신의 평론을 통해 평론가의 가치를 인정받아야 한다. 그런데 한국의 자칭 평론가들은 흥행작에 대해 평론이 아닌 ...
0,솔직히 재미없네요 비추~
1,미나리....잡초같이 짓밟혀도 일어나는 한국인의 근성
1,정말 감동적이었습니다.
0,왜 상받았는지 몰겟음. 걍 심심한 영화. 윤여정씨 딸로 나온분 연기가 더 좋았음
0,핵노잼. 갑자기 끝. 왜 상 받는지 모르겠음.
0,"아니 아무리 영알못이라해도... 뭘 얘기하려는지는 알것는데 근데 아니 진짜 이게 이렇게 난리날?? 미국감성과 달라서인가...도무지... 윤여정 연기야 항시 최고지만 여우조연,주연상을? 크게 한게 있나...끝나고..멍..."
0,솔직히 윤여정이 이런 발 연기를 하는데 아카데이 조연상에 언급된다는게 난 정말 이해가 안된다..극중 비중있는 역도 아니고..
0,별한개도 아까움..이게뭐람??? 내가 영화를 그렇게 마니봤어도..아휴 진짜 이걸 2시간을봤네
0,졸려요 그냥 졸려요 흐규흐규흐규
0,내가 뭘 본거지.. 영화관에서 졸은 건 처음이다
0,진짜 이렇게 노잼이여도 되는건가....상은 돌려먹기인가....
0,제발 내 시간 돌려줘..
1,데이빗의 할머니사랑이 감동입니다..
0,절대.보지.마세요. 우~~~
0,괜히받네....감동없고 ....
0,그냥 지루하고 연기도 못해서 집중이 안됨.돈아까워요...
0,일단 평론가들이 높게 주었다는건 안좋다는걸 의미. 그분들은 상영도중 필림끊어져 영상안나오면  감동이라며 10점주는 사이코들이다.
0,참~ 그냥 그렇네요좀 마음을 쫄깃하게했다 놓았다 하는곳이 한곳도 없고 그냥 밋밋 하네요
0,스크린쿼터제떄문에 영화관에서 이영화만해서 어쩔수없이본 ...;잼있는 외국영화 겁나많은데..젠장할..
0,기대이하 지루해 죽을 뻔 했네
0,이 밋밋함과 싱거움은 뭐지...
0,아 너무 지루해서 잘뻔했어요
0,"이 영화는 이민자 스토리 다룬 프리미엄이 매우 존나 크다. 쓰뢔기 수준의 대사분량과 스토리, 소문난 잔치에 상차림도 안된 수준"
0,외국에서 상받았다고 평점이 높아야되는것은 아니다. 아무리 힘들고 모든게 불이타도 미나리처럼 우리는 살아간다? 이건뭐 개연성도 없고 감동도 없고. 영상미는 좋드라~~
0,내돈내고 본 2021 최악... ㅡㅡ
0,솔직히 여우조연상급 연기인지 이해가 안됨.
0,제목 미나리??? 스토리??? 영상미??? 결론??? 명절에 TV에서 특선영화 할때까지 기다리심이 좋을듯... ㅠㅠ
1,30대 중반이 접어들고 보니..그냥 영화라기 보다는 삶을 보여주는 것 같았습니다.영상이랑 음악이 정말 좋았고 배우분들의 자연스런 연기와 꼬마친구들이 보는 내내 즐거움을 주었습니다..영화 끝나고 아빠랑 만약 그때 아빠...
0,참내.. 어이가 없어서...
0,터무니없는 국뽕에 빠져서 허우적거리지 말자
0,"이 영화의 진 교훈 : 앞으로 모든 예술작품은(문학,영화, 음악, 미술 등) 서구인의 시각에서 아직 나오지 않은 테마를 선정해야 히트한다. 서구인에겐 아직 생소했으니 마치 프랑스 예술영화처럼 잔잔한 울림이 있었겠지...."
0,왜 계속 영상이 끊기는 듯한 느낌이 드는지 모르겠다 . 허한 이 느낌 뭐지 ... 밥을 잔뜩 먹었는데 뭘 안 먹은 듯 뱃속이 허한 느낌 .
0,유명 영화제와 실제 관람객 사이의 괴리를 적나라하게 볼 수 있는 영화. 시간이 소중하지 않으신 분들께 추천
1,손자가 할머니를 마음으로 받아들여가는 과정은 당연하고 진부하여도 감동적이었습니다.한국적 또 미국적 가치관 / 종교 또 비종교인의 가치관 / 가족의 유대 또는 개인의 성취 등 여러 가치관이 어지럽게 혼재하는 어려움 그...
1,한 사람의 잔잔한 추억을 공유받은 느낌
1,공감능력을 가진 관객이라면 가슴먹먹함에 엔딩 크레딧 에 쉽게 일어나지 못할거 같아요.한예리의 연기도 훌륭하고특히 윤여정님의 눈빛이 잊혀지지가 않습니다....연출면에서 감정선을 매끄럽게 이어나가고 있다는 느낌이 들지않...
1,새 시대의 미국 영화. 어디에도 속하지 않는 이들은 소속감을 스스로 만들어내야 한다. 이민자들을 위한 영화이기 때문에 우리는 크게 감동하지 못할 수도 있다. 하지만 분명 좋은 영화.
1,큰메세지가있네요~ 우리사는 이야기같습니다..
1,"생각보다 별 건 없다고 느꼈다. 다만 영화 중간중간에 나오는 미국 아저씨의 말들은 위로로 다가왔다. ""괜찮다."" ""모든 것이 잘 될거야"" . 막상 힘들고 앞길이 보이지 않을 때는 옆에서 ..."
0,내가 본 영화 중에 최악은 아니여도 그 언저리에  가깝다. 기대가 커서 만은 아니리라. 그냥 스토리 전개가 뭐가 없다. 그냥 인생 극장 제일 무난한 편을 감흥 없이 본 느낌이다.
0,넥플렉스로 본게 신의한수다 진짜...
0,초중반까진 미국에 정착하는 이민자의 일대기가 매우 재밌고 흥미진진하다. 가족간의 정서 변화도 일품. 하지만 후반부에 개연성 없는 억지전개+억지 감동이 매우 짜증나게한다. 윤여정님의 수상이 캐리한 영화. 남자아이도 귀...
0,기대이상 봤는데  딱히  감동을  못 느꼈네요
0,맏딸 애니가 너무 불쌍해
0,"과대평가된 영화. 연출, 각본, 연기 모두 아쉬운 부분이 많았다."
0,상받은 영화 재밌는거 본적있냐?
0,홍보가   미나리를   살린거지왜  돈주고  봤나  후회스럽네요
0,연기는 연기지만 흐름이 어긋나는듯한 스토리?중간마다 포인트 는있지만 흐지부지 한거같아요
0,영화관에서 안보길 잘했다
0,대체 어떻게 봐야 재밌는지 어디서 감동을 받아야할지 모르겠다
0,수상 소식에 궁금해서 봤는데..연기도 스토리도 별로 감흥이 없네요.
0,도대체? 왜?  라는  단어만 나옵니다. 솔직히그 어떤  요소가  하나도 없군요.
0,이민자 삶을 공감할수 없었고 그들의 아픔을 공감하기 부족했다 또한 윤여정이 보여준 연기가 수상에 버금가는지도 모르겠고 스토리 또한 잔잔해서 박진감과 스릴 넘치는 팬들에겐 아쉬움이 남겠다
0,잔잔하기만하고 큰 내용 없었음..
0,장면연결이 어색하고 주제는 뚜렷하나 대본이 너무 엉성함
0,그냥 다큐나 비급 영화 보는게 낫것다.
0,결말이 뭐야 이게? 왜 상을 받았지? 용두사미가 따로 없네 뭘 말하고자 하는지 모르겠다. 그냥 미국에서 아시아인 단독으로 나온 영화가 없어 신기해서 줬나 어이가 없을 정도로 스토리가 형편 없다. 억지로 꾸역꾸역 넣은...
0,데이빗의 병이 할머니한테 옮아간걸 그린 영환가?미나리는 아무데서나 잘자라니 이사터를 잘잡았다는건가?대체 뭔내용인지..그리고 엔딩....영화관에서 실수로 내용 잘라먹은줄...
0,최악최악 산으로가고 바다에빠지고 총체적난국
0,"오늘 극장가서 보고 왔지만, 지금 이슈가 되는만큼의 내용도 배우들의 연기도 없었다.윤여정의 박카스 할머니 연기가 훨씬 더 훌륭하다. 너무 기대 했었나, 가슴이 먹먹한 것으로 기대 했지만 영화내용보다 수상소감이 더 재..."
0,어디까지나 전문가의 평은 거르는 것이 맞는 거 같단 생각이 듭니다~ 아역이외의 배역은 정말~ 그냥 그랬고~ 감독은 자신이 느낀 감정을 여러 사람들에게 들려 주기엔 부족 한 거 같았습니다~ 상을 위한 영화인지 ㅎㅎㅎ ...
0,나는 하나도 공감이 안된다. 상 많이 받으면 니들은 찬사를 보내겠지.
0,이게 왜 작품성 평가를 받노. 미국인은 코로나 걸려서 눈도 실명했노? 내가 연기해도 윤여정 빼고 나머지보다 연기 잘할 자신있다.
1,한예리 연기 굿
1,흠. 가장도 아내도 애들의 입장도 공감이 많이 가네요. 저희들도 비슷한 경험을 해왔던터라.  절박한 심정. 가슴속 눈물. 저마다의 사람들이 저마다 힘든 경험을 겪어 가면서도 걸어가게 되는 길이듯.  하지만 항상 그늘...
0,"비추천 영화.1. 재미 없음2. 기억에 남은한 팩트 장면이 없음3. 질루함4. 졸림 (수명유도)5. 이야기가 먼 산으로 감6. 수 많은 영화를 많이 보고 , 좋아하지만 이건 큰 돈 주고 관람하기엔 너무 아갑다는......"
0,솔직히 지루해요 연기는 잘하시지만 내용이 뭘 말하고 싶은지도 모르겠고 계속 비슷한 장면만 반복 돼요
0,재미없어요 진짜..완전
0,솔직히 재미없음..ㅋㅋ재미로 보는건 아니겠지만  역시 이런 상잗은 영화들은 하나같이.재미가 없음...  근데 다들 연기는 잘한
0,"평점이 왜이리 높지????나도 감독하겠다 ㅡ,.ㅡ;; 어떻게 아카데미상 탄건지 의문임"
0,좌파 문재인민국 국뽕 pc충들 영화
0,2배속으로 보기에도 시간아까울 듯한 답답한 영화..
0,음.. 윤여정이 각종 영화제에서 상 받은 것은 대단하지만 그녀의 연기를 브라운관에서 자주 보는 한국인으로서 사실 이번 미나리에서의 연기가 딱히 놀랍지 않다. 윤여정은 무슨 배역을 맡아도 윤여정으로 연기하는데 이번에도...
0,이게? 정말 이게!???
0,상까지 받은 영화를 평하기는 뭐하지만 개인적으로 지루해서 중간에 나가려고 했다
0,영상미 빼면 인물 연관관계나 특별한 사건의 흐름도 없이 드릅게 지루하고 기승승승 거리다 급 엔딩. 이따위로 꿈보다 해몽식 개똥철학 붙일거면 모든 영화가 수작이어야함.
0,미국놈들에겐 이런 영화가 통하지. 서편제 같은 영화는 이해도 못해서 쓰레시 취급받았지...그냥 흔한 영화. 드라마.여명의 눈동자가 천배 낫다.
0,내가 뭘 본거지.. 진심 실망했다...
0,미나리말고 고사리는 없냐?
0,영화봤는ㄷㅔ아무생각없이 보기엔 좋은데내용이 딱히 임팩트가없음.뭐물론 그냥 스토리는 볼만함기대이하
0,이게 진짜 왜? 모두들 연기도 어색하고
0,불면증으로 고생하시는 분들께 추천드립니다
0,잘 모르겠어요 미국판 전원일기 같은 느낌아래 호평 하신 내용들을 보면 훌륭한작품이다 라는 글들이 있는데 글쎄요 미국인들을 비롯해 백인들이 보기에는 장면장면 배우들 연기등 다른 영화들에서 느껴보지못한 문화적차이가 아닌...
0,"진짜 노잼,,,,아니 이게 정말로 재밌나요,,,?"
0,뭐죠.. 이 애매모호함... 솔직히 너무 실망입니다. 기승전 잔잔하다 못해 지루함의 끝판왕! 보통 저예산 독립영화보다도 못한... 한국인 이민자인데 한국말이 너무 서툴러서 보는내내 거슬림... 제목만 미나리인 결말이...
0,영화평론가들의 장난.
0,음.. 뭔가 똥싸고 안닦은 느낌이에요.. 윤여정님이 연기로 하드캐리하셨고 스티븐 연은 한국의 아버지가 아니고 교포느낌이 너무나서 아쉬웠어요. 엔딩때는 아뭐지 끝났나? 이런느낌 ㅠ 기대를 너무 해서 봤나봐요
0,윤여사 수상작이라서 봤더만 불면증만 치료하고 옴
0,"윤여정님 오스카 수상으로 흥미가 생겨서 봤습니다. 애초에 대단한 걸 기대한 건 아니고 싱글라이더, 아무도 모른다 같은 류의 잔잔한 울림 정도는 있지 않을까 했는데 그것조차도 큰 기대였던 것 같습니다. 윤여정님 연기야..."
0,진짜 ㅋㅋ국뽕 빼고보면 평점 2점준다
0,이런 연기로 조연상? 아쉬운데
1,아.먹먹한 가슴.윤여정님.모든 배우님들.감독님.스탭분들.고맙습니다.
0,재미 없는데요....
0,완전 노잼 재미없음.ㅋㅋ
0,다큐임? 내 귀중한 시간을 냠냠해버린 올해의 영화로 기억될듯
0,어제 저녁 가족이랑 보고왔는데 솔직히 그저그렇다고 느껴지네요..ㅠㅠ
0,"기대하고 봤는데 대사 하나하나 어색하고 내용도 그닥,,,"
0,평점이 높아서 낮춘다. 지루하고 공감도 별로안됨. 특히 이영화에서 윤여정의 연기가 뛰어난부분이 없는데 차라리 스티븐연이나 한예리를 상주던지 ㅋㅋ 미스테리다
0,도대채 이게 뭔 내용이고 아 잼이드럽게없네이게 영화냐
0,너무 재미없다. 감동? 연기력? 뭐가????
0,일보고 밑안닦고 나온 듯한 결말. 연기도 그닥... 내가 뭘 본거지?
0,하.. 기대가 컸다 정말..
0,이영화는 미국인들만 좋아하는것 같어요. 뭔 작품성은 ㅜ이것도 영화라고 ㅜ
1,"누구나의 마음에 자라날 미나리는, 새롭게 시작 할 수 있는 우리 인생 길의 마중물. 여운이 진하고 전해지는 메세지가 참 많았습니다."
1,잔잔한영화 인데도 전혀지루하지않고 몰입해서 봤어요. 너무좋았습니다
0,"연기자 분들 연기 참 잘 하시네요 그에 비해 스토리가 정말... 비한국인이 좋아할 만하군요 한국인이 싫어하는 속도를 극혐하시는 분에게 이 영화를 추천드립니다 암, 추천하고 말고요"
1,영화관을 나와 영화의 의미를 알아챌수록 더 좋은 영화 인것 같습니다.
0,유명해서 유명한 영화. 이제 제발 '무슨상 수상' 이런거에 난리 좀 그만 쳤으면..
1,영화를보는눈을다시뜨게하는화입니다.우리는흔히영화를볼때기승전결을기대하고그런전개에익숙해져있습니다. 헌데이영화에서는영화통째로승이자전인듯합니다.뭔가극적인결말을꿈꾸는우리네인생이지만늘그렇듯인생은승이자전일수밖에없습니다.이런점을꿰뚫...
1,미나린 어디서든 잘 자라납니다 우리 또한 그럴 것입니다
1,영상미 있고 향수를 자극
1,아직도 이불에 남아있는 우리 할머니 냄새
1,"혼영하기 좋은 영화입니다! 모든 배우들이 정말 훌륭한 연기를 보여주었습니다. 시즌2가 보고 싶네요 ㅠㅠ엄청 재밌다고는 할 수 없지만, 잔잔한 그냥 인생이야기를 보는 느낌입니다. 미국영화라고하는 이유를 알것 같아요. ..."
0,확실히 오스카는 재미보다는 뭔가모를 어떤 특이점에 대해 평을 내리는거 같다. 사실 우리나라가 아무리 가부장적이라 해도 저런식으로 마치 일본풍으로 가부장적이진 않았다. 그림은 한국이민가족 이야기인데. 보면 뭔가모를 일...
1,와우 정말 재밌어요!! 근데 제일 궁금한 건 병아리 감별할 때 뭐 찍던데 그게 뭐죠??
1,잔잔하고 별 거 없는데 그게 별 거였다.
0,감독 뭘말하고 싶은거냐?
0,개인적으로는 재미없었네요...
0,코엑스 메가박스에서 보는데 옆자리에 앉은 아줌마 두명이 마스크 벗고 전혀 웃기지 않은 장면에서 계속 깔깔거리며 웃는데 주먹으로 코를 갈기고 싶었다
0,"큰상받은 영화라고 해서 많이 기대하고 봤었어요... ,,,,....코로나시작하고 영화관에 처음 가본거였는데..,,..,.,,.,,.,.."
0,이정도 스토리 가지고 영화 찍은 강심장 보소. 배우의 표정 이걸로 영화 만든게 다다.
1,잔잔하면서도 가슴뭉클해지는 영화입니다. 억지로 감동을 끌어내는게 아니라 사실 그대로의 미국 이민 생활을 보여주어 더 감동적입니다.
1,한 사람이 성장하기까지의 가정의 여러 요소들을 섬세히 담은 영화라 좋습니다. 사실 우리들은 매우 큰 사건들보다 일상의 작은 사건들로 성장하고 살아가게 되는것 같아요.
1,보편적이고 아름답고 슬펐어요 너무너무 좋았어요특히 데이빗 정말 귀엽네요
0,평점이 높은 이유를 모르겠어요...
0,넘버원! 1점 드립니다^^
1,"스크린에서 보기에 매우 적합한 영화이다.미나리의 인사, 빛 , 불 등의 요소들을 노트북화면으로 본다면 이만큼의 느낌을 받지 못했을 것이다.음악,미술 측면에서도 아주 훌륭해서 영화가 종합 예술이라는것을 다시금 확인한다..."
0,이거 볼 시간에 기생충보다 훨씬 더 재밌었던 1917을 봅시다
1,"후기에서 지루하거나 그렇다는 의견 보고 진짜 기대 안하고 갔는데, 난 재밌던데? 엄청난 재미는 아니지만 충분히 재밌음. 보길 잘했음 영상미도 굳. 당연한 얘기지만? 윤여정선생님 진짜 짱이심"
0,무슨 감동? 어디서 ? 상 받았다고 요란을 떠는 영화는하나같이 '전혀 아니올시다'가 정답인게알바들이 올린 평점보고 혹해서 가질 마시길.
0,상대적이다...뭐가 서구문화에 호기심을 자극했는가...역시 윤선생은 또 그연기....
0,수 많은 상 받은 자체가 놀랍다.핵노잼.나만 당 할 수 없다.가서 보세요
1,"생각지도 못한 연기, 결말까지 좋습니다.감동!!"
0,과대평가 된 짜증나는 영화
0,무슨내용인지 정확히 모르겠어요중요한 부분들이 생략된 기분이랄까좀더 스토리가 꽉찼다면하는 아쉬움이 드네요상받을 정도의 영화라던가이슈가 될 만한 영화라던가솔직히 잘 모르겠어요
0,모르겠어요.. 왜 어떤부분에서 윤여정이 상을빅있는지.... 진짜 상만아니면 안볼영화
0,재미없어요 재미없어요 재미없어요
1,처음보는 할머니와 손자의 관계가 점점 앞으로 나아가는 모습이 정말 감동적이었다
0,10점줘야 한국인인데 이영화는 어찌보는거죠?어디서  전세계를 뒤흔든거죠ㅜㅜ공부기필요하네요ㅜㅜ
0,역시나... 소문 난 잔치상에 먹을 것 없다더니...
0,왜? 뭘? 심사위원이 수상하다. 아카데미 수준 이하란걸 알게되었다.
0,할머니가 왜 아픈지 모르겠다
0,내가 문제있는걸까 내가 명작을 못 알아보는 사람인가 싶었던 영화....도대체 어떤 걸 표현하고 싶었던건지..
0,미래없는 희망을 붙잡는 복잡미묘한 심정들에대해 묘사한 것 같다. 무시할만해보이는 것들이었지만 거기에도 의미가 있다는 걸 말하고 싶었던걸까? 그런 의도에 반해 배우들의 외모나 행동양식이 전형적으로 서양인이 보는 한국인...
0,와 시간 아깝다ㅎ 이건아니지..
0,미나리밭이  너무 부실...ㅋ
0,흐미....ㅔ.이이이내..시...ㅇ...ㅣ...간...
0,일단 너무 재미없음 ㅋㅋㅋ
0,거품이 많은 영화 솔직히 이렇게까지 관심히 쏠린거 이해 못하겠음 제목 미나리가 뭔 이유인지도 모르겠고 특출난게 없음 그냥 킬링타임용
0,뭐지?내가 넘 기대가 컸나?기생충이 참 대단한 영화였다는걸 이 영화를 보고 느꼈음.윤여정씨 연기가 대단하다고 느껴지진 않던데?내가 예술이라던지 감독이 전하려던 메세지 잘 못느끼는 멍청이 맞겠죠?
0,그냥..잔잔하고 외국과 관점차이가 심하다는걸 느꼈습니다...
0,"하도 언론에서 미나리에 대한 평을지나칠 정도로 관심을 보이고우리 배우가 미국에서 상후보자라해서, 매스컴에서 하도 광고를 해서집에서 보게되었다.여태 한국 영화들이 보여줬던감동에 비해 크게 감동이나, 좋은 영화인지 저한..."
0,"이 영화는 이민자의 삶을 그린 미국영화라 느껴지네요. 공감도 안되고, 발음도 잘 안들려서 한국판도 자막이 있었으면 할 정도였어요. 배경 세대를 떠나서 너무 일부의 이야기입니다. 오히려 동양인 미국 이민자들의 공감이 ..."
0,솔직히 너무 이슈가 많이된영화 재미없다
0,개인적으로 그저 그랬어요사람마다 다르니깐요
0,"아마도 코리안 거품의 최대 수혜를 받은 영화가 아닐지... 각본, 연기, 연출 모두 과대평가 되었다."
0,저는 빡대가리라서 그런지  뭘 말하고싶은지를 모르겠습니다
1,슬플것 같았으나 슬프지는 않은
1,실제 할머니 인상과 너무 다른 나쁜이미지라 좀 실망했어요TV 복싱보며 손자 식사를 알아서 먹으라고 하는 그런부분이 너무 동떨어진 내용
1,현실적이라 착잡해요 진짜 근데 연기와 스토리는 좋아요
1,"영화보고 집에 가서도 여운이 남을 정도로, 마음에 길게 남았습니다.!‘가족’,’부모님’에 대해 다시한번 생각해보게 되네요. 소소하지만 마음에 여운이 남는 영화입니다!"
0,대추나무 사랑 걸렸네 비슷함 토마토 가지에 물주다가 할매 노망나서 불타고 끝 노잼 네이버 관람객 평점 쓸려면 네이버에서 예매해야만 가능하다는데 CGV는 되지도 않음 이게 더 거지같네
1,개척해내는 것의 어려움과 절박함에 자꾸 눈물이 났다 지금 이 어려운 시대에 우린 이민자가 아니어도 새롭게 시작하는 다수가 주변에 있고 할머니처럼 괜찮다고 잘될거라고 얘기해줘야 겠다 그게 씨앗이 되어 정이삭 같은 감독...
1,"여러분들 농사가 많이 힘듭니다. 남자가 진짜 성공하고 싶으면, 자신이 부양해야 할 사람들을 많이 두지 않는 것이 모두를 위한 것 같습니다 ."
0,기대치가 컷던것같다. 결말부분 신랑이랑눈이 마주침.이건머선일이고???
0,기대를 했던 내가 바보인가.. 너무 기대 했었나.. 한국정서론 도무지 이해가 안감.. 결말도 흐지부지 되고이게 왜 해외에서 상을 휩쓸고 다니는지 이해가 솔직히 안감..그냥 연기만 잘할 뿐이지.. 감동 없었네요 전.....
0,그냥 계속 잔잔해요...
0,"아까전에 보고 왔는데, 재밌진 않아요.지루하고,잔잔하고,조용한 영화에요.무슨 내용인지 잘은 모르겠지만 배우 윤여정님이 나오셔서 보는 맛은 조금 솔솔했지만 재미는 없었어요"
1,"로마, 실버라이닝 플레이북과 결이 비슷한 영화. 우리 각자는 미완성이지만 서로가 있기에 완성될 수 있다는 믿음. 사랑하는 이들과 함께라면 어디에서든 잘 살아나갈 수 있다, 어느 땅에서나 잘 자랄 수 있는 미나리처럼...."
0,생각보다 별로... ㅠㅠㅠㅠ
0,진짜 재미 없고 결말도 별로... 중간에 한 몇 분 자서 그런가 뭐가 감동적이라는 건 지 잘 모르겠다
0,"결말이,,, 좀 제 스타일이 아니였어요ㅠㅠ"
1,주연 아버지역을 한국배우로 해도 되지 않았을지.. 좋았습니다. 델몬트주스병에 담긴 보리차같은 영화란 평이 와닿네요^^
0,어캐 상 받았는지 궁금하네
1,전반적으로 좋았으나 엄청 임팩트 있진 않았습니다.
0,원래 상받은 영화들은 재미가 없다. 기생충처럼 일부만 빼고
0,뜬금 없는 스토리 진행에 큰사건으로 성공 말아먹었는데 그냥 허무하게 끝
1,가족이라는 복잡한 희극과 비극.... 그 복잡한 단면을 이렇게 섬세하게 담을 수가 있을까.
1,고통이 현재진행형인 사람들에게 더 큰 의미가 있을만한 영화. 삶을 흩어버릴만한 고난을 통과하면서 오히려 그 시간을 함께 버티게 되는 가족들의 이야기. 여러가지 삶의 모순이 이야기를 열고 닫는 문이 되어준다. 신기했던...
1,가족이란 무엇일까 질문하고 생각하게 해주는 영화였습니다. 특히 할머니(윤여정)의 세상. 그 깊이를 조금이나마 헤아려 볼 수 있었던 시간이었습니다. 부모가 된다는 것은 세상에서 가장 용감한 사람이 되는 일인 것 같습니...
1,"자칫 신파조가 될 수도 있었으나 감독은 감정을 최대한 억제하면서 관조하는 모습을 보여줌.연기 앙상블, 음악이 좋음"
1,"아무데서나 잘 자라고, 누구에게나 쓸모있는 미나리처럼 기어이 가족으로서 뿌리내리는 행보. 그렇게 가족이 되어가는 모습이 아름다웠다. 특히 끝부분, 마룻바닥에서 다함께 잠들어있는 모습은 감동적...그것을 지켜보는 할머..."
1,"아이고  아이고 어떻게 어떻게 하면서 봤어요. 내 안의 정서가 ""아이고 어떻게...""안타깝고,  영상이 너무 아름 답고 얇은 솜이불처럼 따뜻했어요.  널뛰는 감정없이 잔잔하게 보고나오는데 기분이 상쾌했..."
1,"특유의 한국영화처럼 '당장 울어라, 타이밍 지금이야!' 이런게 없어서 저는 더 좋았어요. 엄청난 몰입도는 아니었지만, 한 사람의 특정시점에서의 자전적 이야기를 영화로 잘 재구성한것 같습니다. 과거 한국..."
1,최근 본 영화 중에 가장 꾸밈이 없고 사실적이고 진심이 가득 담긴 영화였어요. 모두가 봤으면 합니다.
1,모두 높은곳만 바라볼때 낮은곳에 있는 미나리와 십자가 좋은영화네요.
1,영화 끝나고 자꾸 생각나는...먹먹함
1,디테일한 연출과 연기력이 돋보이는 작품입니다
1,잔잔한 영상과 스토리가 요즘 영화와 다르지만 감동을 주었습니다.
1,잔잔히 흘러가는 구름처럼 자연스럽게 스며드는 삶을 담은 영화
1,잔잔하고 먹먹하고 감동적이게 봤어요 개인적으로는 너무 잘봄
1,아기들이 너무 귀엽다 귀파줄 때 최고
1,“집으로” 가 문득 떠오르는 영화. 할머니와 손자의 감정선의 변화가 사랑스러움
1,잔잔하게 보기 좋았고 여러가지 포인트들이 좋았어요. 잔잔하게 뭔가 알수없이 밀려오는게 좋았어요.
1,감동적이에요! 강추에요!!최근에 본 영화 중에 제일 가슴을 울렸어요!
1,그냥 리틀포레스트처럼 잔잔하게 힐링하는 느낌으로 보는 영화같아요 스토리는 모르겠는데 잔잔함일단
1,전하고자 하는 메세지를 해석 하며 보는 재미가 있었습니다. 너무 어렵지도 너무 쉽지도 않게 영화속에 여러 요소들의 메세지와 내용을 심어 놓으신것 같아 영화에 좀 더 몰입이 되었던거 같습니다. 부디 미나리라는 영화가 ...
1,코로나 사태 아후 최고국내 영화
1,전 너무 좋게 봤습니다. 한국영화에서는 이전에 없던 느낌의 연출이였던것 같구요. 영상미 음악 연기 연출 빠지는게 없네요.엔딩도 마음에 듭니다. 그들의 진정한 시작을 응원하고 싶네요
1,먹먹하고도 잔잔한 이야기속에 담긴 무거운 교훈삶의 진실과 시대를 넘은 유산에 대한 찬가
1,생각하게 만드는 영화였습니다
1,어릴 때 할머니랑 같이 살았는데 어릴 때 생각 나서 코끝이 찡해지는 영화였어요. 이제 커서 보니 아빠와 엄마는 어떤 마음이었을지 생각해보게 되네요. 그리고 영상미가 너무 좋아요. 마지막으로 데이빗 너무 귀여워요.
1,윤며들었다. 잔잔하고 차분한 영화.
1,가장 개인적인 소재로 가장 보편적인 깨닳음을 주다.
1,"가족은 어떤 고난이 닥쳐도 결국은 모이는 게 가족인 것 같다. 매우 고되기도 하고, 가끔 싸우기도 하면서도 가족은 가족이란 이름으로 소중하다."
1,과하지않고부족하지도않은잔잔한 감동진한 여운이 남는다 ~
1,표정 하나로 모든걸 설명하는 연시의 절정.
1,잔잔하니 보기좋았습니다 데이빗졸귀
1,잔잔한 휴머니즘. 곁에 있는건 가족뿐
0,이민자들한테는 공감 많이 되는 내용이라던데... 딱히 공감도 안되고 그냥 저예산 영화 딱 그정도 느낌이었음
1,큰 기대하지않았는데 시간가는줄 모르고봤습니다현실적이라 더 감동적이네요
1,조연상 받기엔 분량이 너무 적지 않았나요?
0,미국 사람들이 어떤 감동 포인트가 있는지 모르지만 한번 보고 이게 도대체 왜 상까지 받을 만한 영화인가??라고 느껴서 다시한번 보자 생각하고 다시 한번 봤지만 난 아직도 이해가 되지 않는다.인터넷에 후기를 봐도 내가...
0,돈주고 보기는 아까운 영화ㅠ.ㅠ
0,이게 그렇게 대단한 영화인가요?   전 어느부분에서 감동 받아야되는지도 모르겠던데
0,김여정이 어떻게 수상하였는지.... 의문이다
0,이것도  영화라고..ㅠ
0,배우들 딕션이 너무 안좋아서 뭐라하는지 모르겠고 결말이 너무 이상해요 상황 넘어가는 그 카메라 움직임과 넘어가는 포인트가 너무 뜬금없어요 보면서 느낀점이 없어요 보지마세요 제발!
1,미나리처럼 어디서든지 무럭무럭 자라고 뿌리 내리길
0,정말 재이없다. 볼 게 없다. 공감도 안 된다. 아카데미는 무슨...정말 비추. 학생이 만든 졸업작품 같음.
0,기대치에 어긋나고 그냥 보통 이하입니다
1,인생의 아이러니. 그렇게 싫고 지긋지긋해서 도망가려했는데 모든것이 무너지고 난 후 오히려 애틋해졌다.
1,"연기가 감동적이었고, 가족이 얼마나 소중한 존재인거라는것을 다시 한번 느끄게 해주는 영화이었던 같습니다. 어려운 미국 이민 생활을 꾸려가는 모습엔 다음 세대를 위한 희망적인 메세지가 고스란히 담겨져 있었고, “미나리..."
1,연기력으로 끌고가는 영화
1,"배우들 연기, 스토리가 좋은 영화. 참 오랜만이다.윤여정 선배님의 등장으로 이 영화가 환기됐다."
1,기대를 하면 반감된다고 해서 맘 비우고 봤네요.보는 내내. . 손주들에게 무한 사랑을 주는 할머니. .딸이 고생할까봐 힘들까봐 무엇이든 도와주려는 엄마. .보면서 친정 엄마 생각해 영화 보는 내내 울컥하는 감정을 꾹...
1,잔잔한감동이네요.연기력은 쵝오예요
1,은은하게 감동적인 영화
1,꿈을 가지고 미국에 이민 온 한국인가정이 새로운 환경에서 살아내기 위해 노력하는 그러나 녹녹치 않은 현실을 그리고 있다.  할머니 윤여정씨 연기가  마치 나의 할머니 같이  와닫고 7세의 손자 데이빗의 연기 귀엽고 ...
0,"주제는 좋으나 거기에 해당되는 에피소드의 부재, 한인들간의 갈등을 언급하지만 에피소드의 부재, 그렇게 스토리와 갈등이 없다보니, 조연급은 물론이고 심지어 주연 캐릭터의 필요성 조차도 느껴지지 못한다. 7,80년대에 ..."
1,배우들 섬세한 연기 굿.
0,.. 윤여정 최근  해왔던  국내 영화 할머니역이 연기도  스토리도  감동적인게 더 많음 / 아빠와 자녀들은 실제 교포이다 보니 한국어 발음 어색하고 할머니케릭터는 흔하디흔한 한국 할머니인데   외국인 시각에서는 구...
0,"진짜 재미없어여 ㅠㅠ타국생활의 애환을 주제로 정말 많은 이야기를 할수 있을텐데 연기면 연기, 어색한 농부 설정, 스티븐연의 어색한 한국어 연기~미스캐스팅이었습니다. 이민 1세가 아닌 2세였음 차라리 자연스러웠겠네요"
0,왜 그렇게 많이 노미되었는지---모르겠슴.
0,그닥 띄울 영화는 아닌거같다
1,두시간이ㅜ금방 갑니다...덤덤한 슬픔 같은거에요..현실이지요
1,"행복합니다.자연과 그리고 가족특히, 할머니와 손주의 케미가 있는 영화인데이게 재미없을리가 없잖아요"
0,평점 괜찮아서 진짜 오랫만에 영화관가서 봤는데...하... 재밌고 재밌고가 아니라 그냥 내용이 없어요... 계속 답답하기만해요
1,딩동ㅋㅋ브로큰!!!!
0,미국은 잔잔한 영화가 없나봄
0,별로
1,애쓰지 말자미나리미나리 원더풀서로를 구해주자던 그 말을 잊지 말자
1,데이빗과 할머니의 변화되어가는 감정교류가 인상적이었습니다.
0,"느낀점 : 여자의 xx감성은 현실에 아무 도움이 안되며, 노인 문제는 이시대 가장 심각한 화두이다."
1,1년동안 감정없이 살아왔던 저를 울렸습니다
1,"인생영화 등극.. 배우들 연기도 좋고 배경, 음악도 좋았어요"
1,"삶은 미나리 같다는 상징성 너무 멋진 영화였어요.절재와 작가의 깊은 내면의 시선이 참 훌륭해요 음악도 훌륭하고, 배우들의 연기도 좋더군요.영화 엔딩 크래딧이 올라갈때 나오는 노래가 영화의 깊은 여운을 더해 줍니다."
0,뭐 본거같지도 않고.... 결말도 흐지부지.... 그래서 뭐 어쨌다는건지????!???? 이해도 안되고 재미없어요
0,0점이 없어서 1점 줬습니다. 할많하않
1,많은걸 생각하게해주는 영화예요엄마랑 잘 봤어요
0,아 진짜 개 노 잼. 케이블티비 드라마가 더 재밌다
1,문명특급 윤여정여사님 편 보고 영화 보러 왔는데 재밌네요좀 지루 할거같아서 걱정했는데 지루하지 않고 재밌었습니다~
1,할머니와 데이비드의 케미가 너무나 돋보였던 영화! 브로큰 띵동이 자꾸 맴돈다...
0,좀 기대하고 보긴 봤는데 기대에 못 미쳣어요..지루하고 너무 잔잔하고 재미도없구요ㅜㅜ보지마세요...돈아까움 전개가좀..
0,이 정도로 재미 없기도 쉽지 않은데... 내가 이상한건가...
0,솔직히 재미가 너무 없네요.. 재미가 곁들어진 기생충 만큼 성공은 힘들듯 합니다 .. 차라리 워낭소리 재개봉 했으면 하네요
0,1980년대 미국 이민자 이야기이지만 별다른 것도없고 어색한 연기로 감정 전달도 어설퍼서 내가 왜 이걸보고있지?하는생각만 든다. 영화에서 윤여정 연기만 남았다. 그냥 가족비디오일뿐이니 국제영화제 수상에 속지말자.
0,재미없어요... 뻔한 한국영화고 이렇다 할 스토리도없고요 잔잔한 영화 좋아하는데도 별로네요. 돈 아까워요 ㅠ 윤여정 배우님 아니면 망했을 것 같네요..
0,보시면 후회해요 마지막 사람들이 다같이 뭐지~합니다
1,"영화가 시작하는 싯점부터 작정하고 보게 만든다ㆍ낮게 깔린 음악이 또한 그렇다ㆍ내가 살아온 세상ㆍ우리엄마,아버지가 살아오셨던 세상사는 이야기다ㆍ너무나 한국적이어서 더 애잔하고 귀하다정이삭 감독 멋지다이렇게 한국적인 맛..."
1,편안한 영상과 배우들의 안정된 연기가 좋았고잔잔한 감동과 재미가 더해져 여운이 남네요
1,배우들의 감정신이 너무 좋왔어요  내용도 가슴이 뭉클 했어요
1,잔잔한  여울이  있는  영상미  아름다운  영화네요
1,몇년만에 극장에서 본 영화인지 모르겠습니다.그 영화가 미나리라서 영광이에요.
1,"To all the grandmas. 쓸데없이 감동을 인위적으로 자극하려고 하지도 않고, 있는 그대로 우리의 “삶” 을 표현하고자 한 영화의 연출이 감동적이고 공감이 갔습니다. 또한, 이세상 말도 안되고 안 될 것 ..."
1,보이지 않는 것을 보는 듯한 윤여정의 눈빛
1,과하게 감정을 자극하는 게 아니라 담담히 현실적으로 보여주는 것 같아서 오히려 위로가 되고 좋았음. 눈물과 웃음이 번갈아 나왔던..
1,"외국생활을 하면서 똑같은 처지와 사건 및 상황은 아니지만 문제에 빠지고 그것을 해쳐나가는 모습이 극적으로 다가오고 감동적이었습니다. 작중 할머니의 연기는 억지스러움이 일체 없었으며, 정말 우리네 할머니 그 모습 자체..."
1,"따뜻하지만 담담하게 그려낸 감독, 마음까지 와닿는 연기를 해준 배우들, 아름다운 음악들, 영상미.. 모두 너무 열일한 소중한 영화"
1,여운이 길게 가는 영화네요. 배우들 연기도 최고
1,잔잔함이 꽉차네요...이런 게 필요했어요. 좋은 영화에요.
1,"스토리가 잔잔하다고 지루할까 걱정했지만, 정말 몰입해서 봤어요. 섬세한 스토리와 연출 덕분에 보는 내내 기분이 좋더라구요.. 생각해보면 마냥 행복한 이야기는 아니지만, 왜인지 따듯한 이야기였습니다. 오랜만에 인생영화..."
1,"우리 모두 미나리, 원더풀 원더풀"
0,우리 솔직해져 봅시다. 배우들 연기는 높게 평가하는데 이 영화 재미있었나요? 우리 가족은 지루해서 끝까지 보기 힘들었어요. 결말도 똥싸다 끊은 느낌.
1,잘 보았습니다 굿 좋은영화입니당
0,한국인들의 이미지를 감독 멋대로 소비한 재미교포감독이 만든 스티븐연 흑역사
1,구구절절 등장인물의 과거를 설명하지 않고 관객이 추측하거나 상상하도록 해준것도 좋았고 결말을 열어 놓은 방식으로 끝낸것도 좋았다. 보통 열린 결말을 선택한 작품들은 뭔가 플롯이 헐겁거나 감독이 무책임한 경우가 다반사...
1,영상미도 좋고 잔잔한 울림이 있어요
1,정성스럽게 만든 영화입니다잔잔한데 지루하지 않습니다
0,윤여정이 아카데미 연기상 후보에 올랐다길래 얼마나 대단한 연기를 하는지 궁금해 영화를 보았다. 영화 끝나가는내내 뭔가 나오겠지... 뭔가 나오겠지.. 배우 하나가 미국에서 연기 후보에도 오르고 여기저기 기사화되고 떠...
1,"이민 가정이지만 일상의 우리의 가족 이야기. 담백하고 부담스럽지 않은 연출, 인물들에 대한 거리두기때문에 오히려 관객으로써 보기에 후반부에 감정선의 폭발이 어마무시하다. 편한 마음으로 갔다가 머리에 한대 맞은듯한 영..."
0,양놈들의 기준이 뭔지 소름이 끼칠정도...
1,미나리가 있는 곳에 뱀도 보이고 전재산을 불로 태운 뒤에도 남은 물이 키운 미나리.  누군가 지금 내곁에 있는 사람이 나를 일으켜 세워 치유한다.
1,한예리 배우님의 연기가 너무 좋았습니다. 감독의 자전적인 이야기라고 들었는데 그래서인지 울림이 컸어요.
1,"연출도 훌륭했고, 2021년 봤던 영화 중 손꼽을 것 같다. 이입되는 가족 이야기."
1,극찬할만한 작품이고 왜 그리 이슈가 되고 있는지를 알수 있었던 영화였습니다~잔잔한감동과 한국인의 정서가 한껏 반영된 느낌을 받았으며 배우들의 연기도 너무나 훌륭하였습니다~~
0,"고구마같은 영화. 재미는 당연히 없지만 교훈도 모르겠고 숨겨진 의미도 모르겠다. 미국시골보는거는 괜찮았고, 무계획 이민과 귀농의 위험성을 알려줘서 4점"
1,잔잔하게 이민정착기를 과장없이 있는 그대로  보여주어 오히려 깊이 공감 할수 있었습니다
1,'미나리'라는 희망.
1,빛나는 연기 면면들. 투명도를 유지하는 연출력. 덜하지도 더하지도 않은 서사
1,연기가 굉장히 섬세하고 음악이 아름다움. 자극적인 엔터테인먼트로 지친 사람들에게 좋은 영화인 것 같아요 조용히 혼자 감상하기 좋았습니다
1,"스토리,음악,장면들연기가 아닌 그들의 삶을그대로 보고 있는 느낌이 들었습니다. 다투는 장면,할머니 말투,냄새할머니와 데이빗의 시간들,부부끼리 다툼,갈등 모든 장면들이 너무좋았습니다~어렸을때,우리 엄마 아빠가 다투던 ..."
1,가장 보편적이지만 지금은 그렇지도않은...어쩌면 그동안 우리가 잊고 살았던 것을다시금 보여주는...
1,"미국에서 살아가는 이민가족의 이야기이지만, 미화 없이 현실적으로 겪는 어려움과 가족의 갈등을 잘 포현하여 가끔 웃기기도 하지만 가족의 소중함을 잘 알려주는 영화이다."
1,잔잔한데 잔잔하지 않은 영화
1,"미나리 나물처럼 담백한 영화.특수효과와 현란한 드라마가 많은 요즘의 헐리우드 영화들과 비교하면 단연 심심한 맛을 가진 영화입니다. 하지만 농업이라는 어려운 돈벌이 방법 (토양, 지리, 날씨 등 다양한 변수가 작용)을..."
1,재미있어요 마지막엔 눈물도 쪼끔 ㅎㅎ
1,잔잔하지만 감동이 있는 영화입니다.
1,미나리의 자생력을 통해 미국땅에서 가족의 애환을 이겨나가는 감동적영화네요 적극 추천합니다
1,"아, 아프다. 그리고 아름답다."
1,대한민국이 살기 좋은 나라임을 새삼스럽게 느낍니다...
1,스토리가 탄탄한 것은 아님 . 하지만 덕분에 많이 생각하게 되고 상상할 수 있어서 색다른 영화였다. 잔잔한 울림이 확실했고 따듯했다.
0,솔직히 미나리가 왜 이렇게 이슈되는지 모르겠음저는 킬링타임 영화도 아닐정도로 재미 없었음
1,우리나라 특유의 신파가 없어서 좋았고 배우들의 연기가 정말 다큐한편을 보듯 리얼했습니다
1,"영화가 끝난 뒤 한참을 말없이 걷게 만드는 영화입니다. 눈물이 나지 않지만, 먹먹한 영화. 나와 주변의 평범한 누군가의 이야기 같아요."
1,울 만한 구석이 없는데 영화 내내 좀 울었네요 재밌게 봤고 영상이 예뻐요
1,어디서든 잘 자라는 미나리처럼 우리도 꿋꿋하게 잘 살아가보자 라는 힘을 얻을 수 있는 영화였어요
1,엄청난 스토리는 아니지만 보는 내내 가슴이 뭉클 했다
1,아름답고 따뜻하고 뭉근하게 슬프다
1,"극장에서 남들에게 피해줄까봐 울지 못하고 억지로 꾹꾹 참다가 , 돌아오는 차안에서 통곡을 했어요.  평생 처음 격은 일!   아름다운 영화고, 또 보고 싶어요.  극장에서 봐야할 영화.  영상, 연출, ost, 전부..."
1,"요란하지 않게 잔잔하게 미나리처럼 타지에 스며들었다. 배우들의 연기도 최고였다. 수확물을 잃어 허망하지만, 가족들은 따뜻하게 바라보는 눈빛은 좋았다."
1,담백하게 감동적입니다. 자극적인 내용이 전혀 없어서 더 좋았습니다..결국 가족이네요^^
0,글쎄? 그냥 특별함없는 잔잔함정도
0,내가 수준이 낮은건지.. 너무 난해하다..배우들 대사 전달도 잘 안됐을뿐더러 보는내내 지루했다..
0,뭐 어쩌라는건지 기대가 너무 높았나 엥 스러웠다..갑자기 집에서 티비만 보고있으라니깐 구지구지 쓰레기를 태우고 미나리 찬양에...음;
0,낯선곳에서 스스로 개척해 나가고자 하는 이들의 노력과 어려움을 잔잔한 스토리와 화면으로 그려내어서 지루하지 않게 잘 보았습니다.  스토리가 탄탄하니 조용한 영화도 지루하지 않았네요~ 여정쌤의 연기와 오랫만에 본 한예...
0,1점도 아깝다 ㅋㅋ 지밖에 모르는 애비 + 전형적인 한국 부모 + 뻔한 클리셰의 총집합 그냥 귀멸의 칼날 한 번 더 볼걸 그랬음
0,"상받는 작품은 재미로 보는건 아니지만, 음.. 정말 재미는 없네요"
0,정말 돈아까웠다... 보는 내내 지루해서 죽는 줄
0,스토리가 없다시피하고(지루) 개연성없는 전개가 이루어짐. 개인적으로 4점정도가 적당하지만 평점알바들때문에 1점 줌.(평점보고 보러간 1인)
1,꿈을 위해 꿈을 쫓아 차근차근 전진해나가는 모습이인상적이고 준비한것이 다 불타도 대안을준비한것으로 다시 일어서려는 포기치않는 모습이 힘든 코로나 시대에 희망과 용기를 선사해주는것같습니다 영화 잘봤습니다 추천 꾸욱
1,"모든 캐릭터들의 ‘성장’을 의미 있게 표현되었고,꿈과 가족 그리고 사랑이 이 영화에 가득 담겨 있어영화가 끝나고 나왔을 때 마음이 꽉 차 있었다.아주 잠깐이라도 얼마만에 느낀 충만하고 아름다운 기분이었던지,영화 미나..."
1,감독의 생각이 잔잔하게 잘 전달되었어요~~~충분히 가치있는 영화.
0,한국인은 나오는데..한국정서는..할머니만 조금 있는듯..수상내역에 비해..흠..글쎄요..솔직히..저는 그냥..
1,한예리 배우님 연기 정말 훌륭하십니다
1,때로는 만들어지는 감동보다 잔잔한 삶에서 느껴지는 위로란게 더 크게 와닿는 법입니다
1,"미쟝센부터 스토리까지 간만에 웰메이드 영화봣다, 잔잔한데 강하고 마음 저릿한데 따뜻해지는 영화 미나리"
0,정말 재미없어요 이게 영화라니...
0,보통 영화라는게 기승전결의 4단구조로 사건의 발단-주인공의 갈등-긴장고조-그리고 사건해소를 통해 쾌감을 느끼게 되어있다.이 영화는 특이하게 기-->결 로가는 2단구조다.이야기 풀어볼께....하다가 갑자기 끝기생...
1,느린 호흡의 영화. 끝나고 먹먹했어요.
1,오랜만의 스티븐연 얼굴을 볼 수 있어서 너무 좋았고 신파적이지 않아서 너무 좋았다
0,뭔데 이게.... 미나리를 한 번도 검색하지 않았음에도 불구하고 각종 매체에서 호평인게 눈에 띄거나 귀에 들어오기에 개봉하자마자 봤더니 기대가 너무 큰 탓인가? 아니 그건 아닌 것 같고... 재미 없었다. 무슨 사건...
0,"진짜... 정말 별로입니다. 도대체 무슨 얘기를 하고 싶은 건지 모르겠고, 윤여정 한예리 빼고는 연기가 너무 이상할정도 못해요 그리고 스토리도 약간 맥락이 없고 굉장히 루즈합니다ㅠㅠ 진심 보고 나서 어이가 없을 정도..."
0,"우리  영화에 대한 애정과  기대가  너무  컷엇던가,   아님  오버액션이나  자극적인 영상에 너무 길들여 저있는건가,  이민과 관련이 있는 분들에겐   몰입되어  동감 이 더 될수도  있겟다는  생각이 들었다....."
0,지루하다. 정말 지루하다.
1,할머니 생각이 많이 났어요 ㅎㅎ 어떤 마음으로 돌봐주셨을지 마음이 따뜻했답니다
1,"영화음악과 연출에 상당히 신경을 쓴 것 같다. 때문에 전반적인 스토리는 그닥 특별하지 않았지만, 그 이상의 무언가가 느껴지는 영화인 것은 분명하다. 배우의 대사로 주제의식을 전달하기보다는 다른 요소들로 무언가를 느끼..."
1,힘들때 가족이 있다는건 큰 위로가 됩니다.어디서든 잘 자라는 미나리처럼 가족이 함께 있는 곳이라면 그곳이 어디든 댓츠오케이 입니다.
0,머야 이게. 핵노잼 ㄹㅇ
0,재미없어요기다리다가 개봉  동시에 예약하고 보러갔는데기대이하 지겨웠어요
1,잔잔한 여운이 오래 가는 영화그리고 윤여정
0,독립영화같은느낌차분하고조용한
0,어디서 감동을 먹어야하는지 잘 모르겠다.
0,이게무슨영화인가? 할말이없네요 그래서 결과는?
0,아카데미가 상업성을 버렸다는 것을 알 수 있었다. 국뽕 빼고 남는게 없다.
0,영화내용이 뭘말하려는지 알긴 알겟는데지루하고 감동도없네암걸릴듯
0,기대이하네요 ㅠㅠ 연기도 탁월했냐 하면;;
0,소무난 잔치에 먹을것이 없다.
0,기대를 너무했나봐 끝까지 겨우 봄
0,ㅂㄹ 보지마셈요...
1,결말이 아쉬워도 그 나름대로 좋아요보고나니까 또 보고싶어지는 잔잔한 영화
0,기대하고 본건 아니었는데도...그냥 그랬어요.
0,기대가컸나? 결말아쉬움
1,ㅠㅠ 힐링영화..잔잔하고 마음이 따뜻해지는 영화에요진짜 추천 .... 또 가서 보고파요자극적이지 않아요